CalendarDate,DateOffset,DateOffsetSort,WeekOffset,WeekOffsetSort,FiscalYear,FiscalYearNumber,FiscalQuarter,FiscalQuarterNumber,Year,YearMonth,YearMonthSort,Month,MonthSort,WeekEnding,WeekStarting,Week,WeekSort,Weekday,WeekdaySort,LastUpdated
2026-01-01,-182,-182,-26,-26,FY2026,2026,Q1,1,2026,2026-01,202601,January,1,2026-01-04,2025-12-29,1,1,Thursday,4,2026-09-20T12:00:00
2026-01-02,-181,-181,-26,-26,FY2026,2026,Q1,1,2026,2026-01,202601,January,1,2026-01-04,2025-12-29,1,1,Friday,5,2026-09-20T12:00:00
2026-01-03,-180,-180,-26,-26,FY2026,2026,Q1,1,2026,2026-01,202601,January,1,2026-01-04,2025-12-29,1,1,Saturday,6,2026-09-20T12:00:00
2026-01-04,-179,-179,-26,-26,FY2026,2026,Q1,1,2026,2026-01,202601,January,1,2026-01-04,2025-12-29,1,1,Sunday,7,2026-09-20T12:00:00
2026-01-05,-178,-178,-26,-26,FY2026,2026,Q1,1,2026,2026-01,202601,January,1,2026-01-11,2026-01-05,2,2,Monday,1,2026-09-20T12:00:00
2026-01-06,-177,-177,-26,-26,FY2026,2026,Q1,1,2026,2026-01,202601,January,1,2026-01-11,2026-01-05,2,2,Tuesday,2,2026-09-20T12:00:00
2026-01-07,-176,-176,-26,-26,FY2026,2026,Q1,1,2026,2026-01,202601,January,1,2026-01-11,2026-01-05,2,2,Wednesday,3,2026-09-20T12:00:00
2026-01-08,-175,-175,-25,-25,FY2026,2026,Q1,1,2026,2026-01,202601,January,1,2026-01-11,2026-01-05,2,2,Thursday,4,2026-09-20T12:00:00
2026-01-09,-174,-174,-25,-25,FY2026,2026,Q1,1,2026,2026-01,202601,January,1,2026-01-11,2026-01-05,2,2,Friday,5,2026-09-20T12:00:00
2026-01-10,-173,-173,-25,-25,FY2026,2026,Q1,1,2026,2026-01,202601,January,1,2026-01-11,2026-01-05,2,2,Saturday,6,2026-09-20T12:00:00
2026-01-11,-172,-172,-25,-25,FY2026,2026,Q1,1,2026,2026-01,202601,January,1,2026-01-11,2026-01-05,2,2,Sunday,7,2026-09-20T12:00:00
2026-01-12,-171,-171,-25,-25,FY2026,2026,Q1,1,2026,2026-01,202601,January,1,2026-01-18,2026-01-12,3,3,Monday,1,2026-09-20T12:00:00
2026-01-13,-170,-170,-25,-25,FY2026,2026,Q1,1,2026,2026-01,202601,January,1,2026-01-18,2026-01-12,3,3,Tuesday,2,2026-09-20T12:00:00
2026-01-14,-169,-169,-25,-25,FY2026,2026,Q1,1,2026,2026-01,202601,January,1,2026-01-18,2026-01-12,3,3,Wednesday,3,2026-09-20T12:00:00
2026-01-15,-168,-168,-24,-24,FY2026,2026,Q1,1,2026,2026-01,202601,January,1,2026-01-18,2026-01-12,3,3,Thursday,4,2026-09-20T12:00:00
2026-01-16,-167,-167,-24,-24,FY2026,2026,Q1,1,2026,2026-01,202601,January,1,2026-01-18,2026-01-12,3,3,Friday,5,2026-09-20T12:00:00
2026-01-17,-166,-166,-24,-24,FY2026,2026,Q1,1,2026,2026-01,202601,January,1,2026-01-18,2026-01-12,3,3,Saturday,6,2026-09-20T12:00:00
2026-01-18,-165,-165,-24,-24,FY2026,2026,Q1,1,2026,2026-01,202601,January,1,2026-01-18,2026-01-12,3,3,Sunday,7,2026-09-20T12:00:00
2026-01-19,-164,-164,-24,-24,FY2026,2026,Q1,1,2026,2026-01,202601,January,1,2026-01-25,2026-01-19,4,4,Monday,1,2026-09-20T12:00:00
2026-01-20,-163,-163,-24,-24,FY2026,2026,Q1,1,2026,2026-01,202601,January,1,2026-01-25,2026-01-19,4,4,Tuesday,2,2026-09-20T12:00:00
2026-01-21,-162,-162,-24,-24,FY2026,2026,Q1,1,2026,2026-01,202601,January,1,2026-01-25,2026-01-19,4,4,Wednesday,3,2026-09-20T12:00:00
2026-01-22,-161,-161,-23,-23,FY2026,2026,Q1,1,2026,2026-01,202601,January,1,2026-01-25,2026-01-19,4,4,Thursday,4,2026-09-20T12:00:00
2026-01-23,-160,-160,-23,-23,FY2026,2026,Q1,1,2026,2026-01,202601,January,1,2026-01-25,2026-01-19,4,4,Friday,5,2026-09-20T12:00:00
2026-01-24,-159,-159,-23,-23,FY2026,2026,Q1,1,2026,2026-01,202601,January,1,2026-01-25,2026-01-19,4,4,Saturday,6,2026-09-20T12:00:00
2026-01-25,-158,-158,-23,-23,FY2026,2026,Q1,1,2026,2026-01,202601,January,1,2026-01-25,2026-01-19,4,4,Sunday,7,2026-09-20T12:00:00
2026-01-26,-157,-157,-23,-23,FY2026,2026,Q1,1,2026,2026-01,202601,January,1,2026-02-01,2026-01-26,5,5,Monday,1,2026-09-20T12:00:00
2026-01-27,-156,-156,-23,-23,FY2026,2026,Q1,1,2026,2026-01,202601,January,1,2026-02-01,2026-01-26,5,5,Tuesday,2,2026-09-20T12:00:00
2026-01-28,-155,-155,-23,-23,FY2026,2026,Q1,1,2026,2026-01,202601,January,1,2026-02-01,2026-01-26,5,5,Wednesday,3,2026-09-20T12:00:00
2026-01-29,-154,-154,-22,-22,FY2026,2026,Q1,1,2026,2026-01,202601,January,1,2026-02-01,2026-01-26,5,5,Thursday,4,2026-09-20T12:00:00
2026-01-30,-153,-153,-22,-22,FY2026,2026,Q1,1,2026,2026-01,202601,January,1,2026-02-01,2026-01-26,5,5,Friday,5,2026-09-20T12:00:00
2026-01-31,-152,-152,-22,-22,FY2026,2026,Q1,1,2026,2026-01,202601,January,1,2026-02-01,2026-01-26,5,5,Saturday,6,2026-09-20T12:00:00
2026-02-01,-151,-151,-22,-22,FY2026,2026,Q1,1,2026,2026-02,202602,February,2,2026-02-01,2026-01-26,5,5,Sunday,7,2026-09-20T12:00:00
2026-02-02,-150,-150,-22,-22,FY2026,2026,Q1,1,2026,2026-02,202602,February,2,2026-02-08,2026-02-02,6,6,Monday,1,2026-09-20T12:00:00
2026-02-03,-149,-149,-22,-22,FY2026,2026,Q1,1,2026,2026-02,202602,February,2,2026-02-08,2026-02-02,6,6,Tuesday,2,2026-09-20T12:00:00
2026-02-04,-148,-148,-22,-22,FY2026,2026,Q1,1,2026,2026-02,202602,February,2,2026-02-08,2026-02-02,6,6,Wednesday,3,2026-09-20T12:00:00
2026-02-05,-147,-147,-21,-21,FY2026,2026,Q1,1,2026,2026-02,202602,February,2,2026-02-08,2026-02-02,6,6,Thursday,4,2026-09-20T12:00:00
2026-02-06,-146,-146,-21,-21,FY2026,2026,Q1,1,2026,2026-02,202602,February,2,2026-02-08,2026-02-02,6,6,Friday,5,2026-09-20T12:00:00
2026-02-07,-145,-145,-21,-21,FY2026,2026,Q1,1,2026,2026-02,202602,February,2,2026-02-08,2026-02-02,6,6,Saturday,6,2026-09-20T12:00:00
2026-02-08,-144,-144,-21,-21,FY2026,2026,Q1,1,2026,2026-02,202602,February,2,2026-02-08,2026-02-02,6,6,Sunday,7,2026-09-20T12:00:00
2026-02-09,-143,-143,-21,-21,FY2026,2026,Q1,1,2026,2026-02,202602,February,2,2026-02-15,2026-02-09,7,7,Monday,1,2026-09-20T12:00:00
2026-02-10,-142,-142,-21,-21,FY2026,2026,Q1,1,2026,2026-02,202602,February,2,2026-02-15,2026-02-09,7,7,Tuesday,2,2026-09-20T12:00:00
2026-02-11,-141,-141,-21,-21,FY2026,2026,Q1,1,2026,2026-02,202602,February,2,2026-02-15,2026-02-09,7,7,Wednesday,3,2026-09-20T12:00:00
2026-02-12,-140,-140,-20,-20,FY2026,2026,Q1,1,2026,2026-02,202602,February,2,2026-02-15,2026-02-09,7,7,Thursday,4,2026-09-20T12:00:00
2026-02-13,-139,-139,-20,-20,FY2026,2026,Q1,1,2026,2026-02,202602,February,2,2026-02-15,2026-02-09,7,7,Friday,5,2026-09-20T12:00:00
2026-02-14,-138,-138,-20,-20,FY2026,2026,Q1,1,2026,2026-02,202602,February,2,2026-02-15,2026-02-09,7,7,Saturday,6,2026-09-20T12:00:00
2026-02-15,-137,-137,-20,-20,FY2026,2026,Q1,1,2026,2026-02,202602,February,2,2026-02-15,2026-02-09,7,7,Sunday,7,2026-09-20T12:00:00
2026-02-16,-136,-136,-20,-20,FY2026,2026,Q1,1,2026,2026-02,202602,February,2,2026-02-22,2026-02-16,8,8,Monday,1,2026-09-20T12:00:00
2026-02-17,-135,-135,-20,-20,FY2026,2026,Q1,1,2026,2026-02,202602,February,2,2026-02-22,2026-02-16,8,8,Tuesday,2,2026-09-20T12:00:00
2026-02-18,-134,-134,-20,-20,FY2026,2026,Q1,1,2026,2026-02,202602,February,2,2026-02-22,2026-02-16,8,8,Wednesday,3,2026-09-20T12:00:00
2026-02-19,-133,-133,-19,-19,FY2026,2026,Q1,1,2026,2026-02,202602,February,2,2026-02-22,2026-02-16,8,8,Thursday,4,2026-09-20T12:00:00
2026-02-20,-132,-132,-19,-19,FY2026,2026,Q1,1,2026,2026-02,202602,February,2,2026-02-22,2026-02-16,8,8,Friday,5,2026-09-20T12:00:00
2026-02-21,-131,-131,-19,-19,FY2026,2026,Q1,1,2026,2026-02,202602,February,2,2026-02-22,2026-02-16,8,8,Saturday,6,2026-09-20T12:00:00
2026-02-22,-130,-130,-19,-19,FY2026,2026,Q1,1,2026,2026-02,202602,February,2,2026-02-22,2026-02-16,8,8,Sunday,7,2026-09-20T12:00:00
2026-02-23,-129,-129,-19,-19,FY2026,2026,Q1,1,2026,2026-02,202602,February,2,2026-03-01,2026-02-23,9,9,Monday,1,2026-09-20T12:00:00
2026-02-24,-128,-128,-19,-19,FY2026,2026,Q1,1,2026,2026-02,202602,February,2,2026-03-01,2026-02-23,9,9,Tuesday,2,2026-09-20T12:00:00
2026-02-25,-127,-127,-19,-19,FY2026,2026,Q1,1,2026,2026-02,202602,February,2,2026-03-01,2026-02-23,9,9,Wednesday,3,2026-09-20T12:00:00
2026-02-26,-126,-126,-18,-18,FY2026,2026,Q1,1,2026,2026-02,202602,February,2,2026-03-01,2026-02-23,9,9,Thursday,4,2026-09-20T12:00:00
2026-02-27,-125,-125,-18,-18,FY2026,2026,Q1,1,2026,2026-02,202602,February,2,2026-03-01,2026-02-23,9,9,Friday,5,2026-09-20T12:00:00
2026-02-28,-124,-124,-18,-18,FY2026,2026,Q1,1,2026,2026-02,202602,February,2,2026-03-01,2026-02-23,9,9,Saturday,6,2026-09-20T12:00:00
2026-03-01,-123,-123,-18,-18,FY2026,2026,Q1,1,2026,2026-03,202603,March,3,2026-03-01,2026-02-23,9,9,Sunday,7,2026-09-20T12:00:00
2026-03-02,-122,-122,-18,-18,FY2026,2026,Q1,1,2026,2026-03,202603,March,3,2026-03-08,2026-03-02,10,10,Monday,1,2026-09-20T12:00:00
2026-03-03,-121,-121,-18,-18,FY2026,2026,Q1,1,2026,2026-03,202603,March,3,2026-03-08,2026-03-02,10,10,Tuesday,2,2026-09-20T12:00:00
2026-03-04,-120,-120,-18,-18,FY2026,2026,Q1,1,2026,2026-03,202603,March,3,2026-03-08,2026-03-02,10,10,Wednesday,3,2026-09-20T12:00:00
2026-03-05,-119,-119,-17,-17,FY2026,2026,Q1,1,2026,2026-03,202603,March,3,2026-03-08,2026-03-02,10,10,Thursday,4,2026-09-20T12:00:00
2026-03-06,-118,-118,-17,-17,FY2026,2026,Q1,1,2026,2026-03,202603,March,3,2026-03-08,2026-03-02,10,10,Friday,5,2026-09-20T12:00:00
2026-03-07,-117,-117,-17,-17,FY2026,2026,Q1,1,2026,2026-03,202603,March,3,2026-03-08,2026-03-02,10,10,Saturday,6,2026-09-20T12:00:00
2026-03-08,-116,-116,-17,-17,FY2026,2026,Q1,1,2026,2026-03,202603,March,3,2026-03-08,2026-03-02,10,10,Sunday,7,2026-09-20T12:00:00
2026-03-09,-115,-115,-17,-17,FY2026,2026,Q1,1,2026,2026-03,202603,March,3,2026-03-15,2026-03-09,11,11,Monday,1,2026-09-20T12:00:00
2026-03-10,-114,-114,-17,-17,FY2026,2026,Q1,1,2026,2026-03,202603,March,3,2026-03-15,2026-03-09,11,11,Tuesday,2,2026-09-20T12:00:00
2026-03-11,-113,-113,-17,-17,FY2026,2026,Q1,1,2026,2026-03,202603,March,3,2026-03-15,2026-03-09,11,11,Wednesday,3,2026-09-20T12:00:00
2026-03-12,-112,-112,-16,-16,FY2026,2026,Q1,1,2026,2026-03,202603,March,3,2026-03-15,2026-03-09,11,11,Thursday,4,2026-09-20T12:00:00
2026-03-13,-111,-111,-16,-16,FY2026,2026,Q1,1,2026,2026-03,202603,March,3,2026-03-15,2026-03-09,11,11,Friday,5,2026-09-20T12:00:00
2026-03-14,-110,-110,-16,-16,FY2026,2026,Q1,1,2026,2026-03,202603,March,3,2026-03-15,2026-03-09,11,11,Saturday,6,2026-09-20T12:00:00
2026-03-15,-109,-109,-16,-16,FY2026,2026,Q1,1,2026,2026-03,202603,March,3,2026-03-15,2026-03-09,11,11,Sunday,7,2026-09-20T12:00:00
2026-03-16,-108,-108,-16,-16,FY2026,2026,Q1,1,2026,2026-03,202603,March,3,2026-03-22,2026-03-16,12,12,Monday,1,2026-09-20T12:00:00
2026-03-17,-107,-107,-16,-16,FY2026,2026,Q1,1,2026,2026-03,202603,March,3,2026-03-22,2026-03-16,12,12,Tuesday,2,2026-09-20T12:00:00
2026-03-18,-106,-106,-16,-16,FY2026,2026,Q1,1,2026,2026-03,202603,March,3,2026-03-22,2026-03-16,12,12,Wednesday,3,2026-09-20T12:00:00
2026-03-19,-105,-105,-15,-15,FY2026,2026,Q1,1,2026,2026-03,202603,March,3,2026-03-22,2026-03-16,12,12,Thursday,4,2026-09-20T12:00:00
2026-03-20,-104,-104,-15,-15,FY2026,2026,Q1,1,2026,2026-03,202603,March,3,2026-03-22,2026-03-16,12,12,Friday,5,2026-09-20T12:00:00
2026-03-21,-103,-103,-15,-15,FY2026,2026,Q1,1,2026,2026-03,202603,March,3,2026-03-22,2026-03-16,12,12,Saturday,6,2026-09-20T12:00:00
2026-03-22,-102,-102,-15,-15,FY2026,2026,Q1,1,2026,2026-03,202603,March,3,2026-03-22,2026-03-16,12,12,Sunday,7,2026-09-20T12:00:00
2026-03-23,-101,-101,-15,-15,FY2026,2026,Q1,1,2026,2026-03,202603,March,3,2026-03-29,2026-03-23,13,13,Monday,1,2026-09-20T12:00:00
2026-03-24,-100,-100,-15,-15,FY2026,2026,Q1,1,2026,2026-03,202603,March,3,2026-03-29,2026-03-23,13,13,Tuesday,2,2026-09-20T12:00:00
2026-03-25,-99,-99,-15,-15,FY2026,2026,Q1,1,2026,2026-03,202603,March,3,2026-03-29,2026-03-23,13,13,Wednesday,3,2026-09-20T12:00:00
2026-03-26,-98,-98,-14,-14,FY2026,2026,Q1,1,2026,2026-03,202603,March,3,2026-03-29,2026-03-23,13,13,Thursday,4,2026-09-20T12:00:00
2026-03-27,-97,-97,-14,-14,FY2026,2026,Q1,1,2026,2026-03,202603,March,3,2026-03-29,2026-03-23,13,13,Friday,5,2026-09-20T12:00:00
2026-03-28,-96,-96,-14,-14,FY2026,2026,Q1,1,2026,2026-03,202603,March,3,2026-03-29,2026-03-23,13,13,Saturday,6,2026-09-20T12:00:00
2026-03-29,-95,-95,-14,-14,FY2026,2026,Q1,1,2026,2026-03,202603,March,3,2026-03-29,2026-03-23,13,13,Sunday,7,2026-09-20T12:00:00
2026-03-30,-94,-94,-14,-14,FY2026,2026,Q1,1,2026,2026-03,202603,March,3,2026-04-05,2026-03-30,14,14,Monday,1,2026-09-20T12:00:00
2026-03-31,-93,-93,-14,-14,FY2026,2026,Q1,1,2026,2026-03,202603,March,3,2026-04-05,2026-03-30,14,14,Tuesday,2,2026-09-20T12:00:00
2026-04-01,-92,-92,-14,-14,FY2026,2026,Q2,2,2026,2026-04,202604,April,4,2026-04-05,2026-03-30,14,14,Wednesday,3,2026-09-20T12:00:00
2026-04-02,-91,-91,-13,-13,FY2026,2026,Q2,2,2026,2026-04,202604,April,4,2026-04-05,2026-03-30,14,14,Thursday,4,2026-09-20T12:00:00
2026-04-03,-90,-90,-13,-13,FY2026,2026,Q2,2,2026,2026-04,202604,April,4,2026-04-05,2026-03-30,14,14,Friday,5,2026-09-20T12:00:00
2026-04-04,-89,-89,-13,-13,FY2026,2026,Q2,2,2026,2026-04,202604,April,4,2026-04-05,2026-03-30,14,14,Saturday,6,2026-09-20T12:00:00
2026-04-05,-88,-88,-13,-13,FY2026,2026,Q2,2,2026,2026-04,202604,April,4,2026-04-05,2026-03-30,14,14,Sunday,7,2026-09-20T12:00:00
2026-04-06,-87,-87,-13,-13,FY2026,2026,Q2,2,2026,2026-04,202604,April,4,2026-04-12,2026-04-06,15,15,Monday,1,2026-09-20T12:00:00
2026-04-07,-86,-86,-13,-13,FY2026,2026,Q2,2,2026,2026-04,202604,April,4,2026-04-12,2026-04-06,15,15,Tuesday,2,2026-09-20T12:00:00
2026-04-08,-85,-85,-13,-13,FY2026,2026,Q2,2,2026,2026-04,202604,April,4,2026-04-12,2026-04-06,15,15,Wednesday,3,2026-09-20T12:00:00
2026-04-09,-84,-84,-12,-12,FY2026,2026,Q2,2,2026,2026-04,202604,April,4,2026-04-12,2026-04-06,15,15,Thursday,4,2026-09-20T12:00:00
2026-04-10,-83,-83,-12,-12,FY2026,2026,Q2,2,2026,2026-04,202604,April,4,2026-04-12,2026-04-06,15,15,Friday,5,2026-09-20T12:00:00
2026-04-11,-82,-82,-12,-12,FY2026,2026,Q2,2,2026,2026-04,202604,April,4,2026-04-12,2026-04-06,15,15,Saturday,6,2026-09-20T12:00:00
2026-04-12,-81,-81,-12,-12,FY2026,2026,Q2,2,2026,2026-04,202604,April,4,2026-04-12,2026-04-06,15,15,Sunday,7,2026-09-20T12:00:00
2026-04-13,-80,-80,-12,-12,FY2026,2026,Q2,2,2026,2026-04,202604,April,4,2026-04-19,2026-04-13,16,16,Monday,1,2026-09-20T12:00:00
2026-04-14,-79,-79,-12,-12,FY2026,2026,Q2,2,2026,2026-04,202604,April,4,2026-04-19,2026-04-13,16,16,Tuesday,2,2026-09-20T12:00:00
2026-04-15,-78,-78,-12,-12,FY2026,2026,Q2,2,2026,2026-04,202604,April,4,2026-04-19,2026-04-13,16,16,Wednesday,3,2026-09-20T12:00:00
2026-04-16,-77,-77,-11,-11,FY2026,2026,Q2,2,2026,2026-04,202604,April,4,2026-04-19,2026-04-13,16,16,Thursday,4,2026-09-20T12:00:00
2026-04-17,-76,-76,-11,-11,FY2026,2026,Q2,2,2026,2026-04,202604,April,4,2026-04-19,2026-04-13,16,16,Friday,5,2026-09-20T12:00:00
2026-04-18,-75,-75,-11,-11,FY2026,2026,Q2,2,2026,2026-04,202604,April,4,2026-04-19,2026-04-13,16,16,Saturday,6,2026-09-20T12:00:00
2026-04-19,-74,-74,-11,-11,FY2026,2026,Q2,2,2026,2026-04,202604,April,4,2026-04-19,2026-04-13,16,16,Sunday,7,2026-09-20T12:00:00
2026-04-20,-73,-73,-11,-11,FY2026,2026,Q2,2,2026,2026-04,202604,April,4,2026-04-26,2026-04-20,17,17,Monday,1,2026-09-20T12:00:00
2026-04-21,-72,-72,-11,-11,FY2026,2026,Q2,2,2026,2026-04,202604,April,4,2026-04-26,2026-04-20,17,17,Tuesday,2,2026-09-20T12:00:00
2026-04-22,-71,-71,-11,-11,FY2026,2026,Q2,2,2026,2026-04,202604,April,4,2026-04-26,2026-04-20,17,17,Wednesday,3,2026-09-20T12:00:00
2026-04-23,-70,-70,-10,-10,FY2026,2026,Q2,2,2026,2026-04,202604,April,4,2026-04-26,2026-04-20,17,17,Thursday,4,2026-09-20T12:00:00
2026-04-24,-69,-69,-10,-10,FY2026,2026,Q2,2,2026,2026-04,202604,April,4,2026-04-26,2026-04-20,17,17,Friday,5,2026-09-20T12:00:00
2026-04-25,-68,-68,-10,-10,FY2026,2026,Q2,2,2026,2026-04,202604,April,4,2026-04-26,2026-04-20,17,17,Saturday,6,2026-09-20T12:00:00
2026-04-26,-67,-67,-10,-10,FY2026,2026,Q2,2,2026,2026-04,202604,April,4,2026-04-26,2026-04-20,17,17,Sunday,7,2026-09-20T12:00:00
2026-04-27,-66,-66,-10,-10,FY2026,2026,Q2,2,2026,2026-04,202604,April,4,2026-05-03,2026-04-27,18,18,Monday,1,2026-09-20T12:00:00
2026-04-28,-65,-65,-10,-10,FY2026,2026,Q2,2,2026,2026-04,202604,April,4,2026-05-03,2026-04-27,18,18,Tuesday,2,2026-09-20T12:00:00
2026-04-29,-64,-64,-10,-10,FY2026,2026,Q2,2,2026,2026-04,202604,April,4,2026-05-03,2026-04-27,18,18,Wednesday,3,2026-09-20T12:00:00
2026-04-30,-63,-63,-9,-9,FY2026,2026,Q2,2,2026,2026-04,202604,April,4,2026-05-03,2026-04-27,18,18,Thursday,4,2026-09-20T12:00:00
2026-05-01,-62,-62,-9,-9,FY2026,2026,Q2,2,2026,2026-05,202605,May,5,2026-05-03,2026-04-27,18,18,Friday,5,2026-09-20T12:00:00
2026-05-02,-61,-61,-9,-9,FY2026,2026,Q2,2,2026,2026-05,202605,May,5,2026-05-03,2026-04-27,18,18,Saturday,6,2026-09-20T12:00:00
2026-05-03,-60,-60,-9,-9,FY2026,2026,Q2,2,2026,2026-05,202605,May,5,2026-05-03,2026-04-27,18,18,Sunday,7,2026-09-20T12:00:00
2026-05-04,-59,-59,-9,-9,FY2026,2026,Q2,2,2026,2026-05,202605,May,5,2026-05-10,2026-05-04,19,19,Monday,1,2026-09-20T12:00:00
2026-05-05,-58,-58,-9,-9,FY2026,2026,Q2,2,2026,2026-05,202605,May,5,2026-05-10,2026-05-04,19,19,Tuesday,2,2026-09-20T12:00:00
2026-05-06,-57,-57,-9,-9,FY2026,2026,Q2,2,2026,2026-05,202605,May,5,2026-05-10,2026-05-04,19,19,Wednesday,3,2026-09-20T12:00:00
2026-05-07,-56,-56,-8,-8,FY2026,2026,Q2,2,2026,2026-05,202605,May,5,2026-05-10,2026-05-04,19,19,Thursday,4,2026-09-20T12:00:00
2026-05-08,-55,-55,-8,-8,FY2026,2026,Q2,2,2026,2026-05,202605,May,5,2026-05-10,2026-05-04,19,19,Friday,5,2026-09-20T12:00:00
2026-05-09,-54,-54,-8,-8,FY2026,2026,Q2,2,2026,2026-05,202605,May,5,2026-05-10,2026-05-04,19,19,Saturday,6,2026-09-20T12:00:00
2026-05-10,-53,-53,-8,-8,FY2026,2026,Q2,2,2026,2026-05,202605,May,5,2026-05-10,2026-05-04,19,19,Sunday,7,2026-09-20T12:00:00
2026-05-11,-52,-52,-8,-8,FY2026,2026,Q2,2,2026,2026-05,202605,May,5,2026-05-17,2026-05-11,20,20,Monday,1,2026-09-20T12:00:00
2026-05-12,-51,-51,-8,-8,FY2026,2026,Q2,2,2026,2026-05,202605,May,5,2026-05-17,2026-05-11,20,20,Tuesday,2,2026-09-20T12:00:00
2026-05-13,-50,-50,-8,-8,FY2026,2026,Q2,2,2026,2026-05,202605,May,5,2026-05-17,2026-05-11,20,20,Wednesday,3,2026-09-20T12:00:00
2026-05-14,-49,-49,-7,-7,FY2026,2026,Q2,2,2026,2026-05,202605,May,5,2026-05-17,2026-05-11,20,20,Thursday,4,2026-09-20T12:00:00
2026-05-15,-48,-48,-7,-7,FY2026,2026,Q2,2,2026,2026-05,202605,May,5,2026-05-17,2026-05-11,20,20,Friday,5,2026-09-20T12:00:00
2026-05-16,-47,-47,-7,-7,FY2026,2026,Q2,2,2026,2026-05,202605,May,5,2026-05-17,2026-05-11,20,20,Saturday,6,2026-09-20T12:00:00
2026-05-17,-46,-46,-7,-7,FY2026,2026,Q2,2,2026,2026-05,202605,May,5,2026-05-17,2026-05-11,20,20,Sunday,7,2026-09-20T12:00:00
2026-05-18,-45,-45,-7,-7,FY2026,2026,Q2,2,2026,2026-05,202605,May,5,2026-05-24,2026-05-18,21,21,Monday,1,2026-09-20T12:00:00
2026-05-19,-44,-44,-7,-7,FY2026,2026,Q2,2,2026,2026-05,202605,May,5,2026-05-24,2026-05-18,21,21,Tuesday,2,2026-09-20T12:00:00
2026-05-20,-43,-43,-7,-7,FY2026,2026,Q2,2,2026,2026-05,202605,May,5,2026-05-24,2026-05-18,21,21,Wednesday,3,2026-09-20T12:00:00
2026-05-21,-42,-42,-6,-6,FY2026,2026,Q2,2,2026,2026-05,202605,May,5,2026-05-24,2026-05-18,21,21,Thursday,4,2026-09-20T12:00:00
2026-05-22,-41,-41,-6,-6,FY2026,2026,Q2,2,2026,2026-05,202605,May,5,2026-05-24,2026-05-18,21,21,Friday,5,2026-09-20T12:00:00
2026-05-23,-40,-40,-6,-6,FY2026,2026,Q2,2,2026,2026-05,202605,May,5,2026-05-24,2026-05-18,21,21,Saturday,6,2026-09-20T12:00:00
2026-05-24,-39,-39,-6,-6,FY2026,2026,Q2,2,2026,2026-05,202605,May,5,2026-05-24,2026-05-18,21,21,Sunday,7,2026-09-20T12:00:00
2026-05-25,-38,-38,-6,-6,FY2026,2026,Q2,2,2026,2026-05,202605,May,5,2026-05-31,2026-05-25,22,22,Monday,1,2026-09-20T12:00:00
2026-05-26,-37,-37,-6,-6,FY2026,2026,Q2,2,2026,2026-05,202605,May,5,2026-05-31,2026-05-25,22,22,Tuesday,2,2026-09-20T12:00:00
2026-05-27,-36,-36,-6,-6,FY2026,2026,Q2,2,2026,2026-05,202605,May,5,2026-05-31,2026-05-25,22,22,Wednesday,3,2026-09-20T12:00:00
2026-05-28,-35,-35,-5,-5,FY2026,2026,Q2,2,2026,2026-05,202605,May,5,2026-05-31,2026-05-25,22,22,Thursday,4,2026-09-20T12:00:00
2026-05-29,-34,-34,-5,-5,FY2026,2026,Q2,2,2026,2026-05,202605,May,5,2026-05-31,2026-05-25,22,22,Friday,5,2026-09-20T12:00:00
2026-05-30,-33,-33,-5,-5,FY2026,2026,Q2,2,2026,2026-05,202605,May,5,2026-05-31,2026-05-25,22,22,Saturday,6,2026-09-20T12:00:00
2026-05-31,-32,-32,-5,-5,FY2026,2026,Q2,2,2026,2026-05,202605,May,5,2026-05-31,2026-05-25,22,22,Sunday,7,2026-09-20T12:00:00
2026-06-01,-31,-31,-5,-5,FY2026,2026,Q2,2,2026,2026-06,202606,June,6,2026-06-07,2026-06-01,23,23,Monday,1,2026-09-20T12:00:00
2026-06-02,-30,-30,-5,-5,FY2026,2026,Q2,2,2026,2026-06,202606,June,6,2026-06-07,2026-06-01,23,23,Tuesday,2,2026-09-20T12:00:00
2026-06-03,-29,-29,-5,-5,FY2026,2026,Q2,2,2026,2026-06,202606,June,6,2026-06-07,2026-06-01,23,23,Wednesday,3,2026-09-20T12:00:00
2026-06-04,-28,-28,-4,-4,FY2026,2026,Q2,2,2026,2026-06,202606,June,6,2026-06-07,2026-06-01,23,23,Thursday,4,2026-09-20T12:00:00
2026-06-05,-27,-27,-4,-4,FY2026,2026,Q2,2,2026,2026-06,202606,June,6,2026-06-07,2026-06-01,23,23,Friday,5,2026-09-20T12:00:00
2026-06-06,-26,-26,-4,-4,FY2026,2026,Q2,2,2026,2026-06,202606,June,6,2026-06-07,2026-06-01,23,23,Saturday,6,2026-09-20T12:00:00
2026-06-07,-25,-25,-4,-4,FY2026,2026,Q2,2,2026,2026-06,202606,June,6,2026-06-07,2026-06-01,23,23,Sunday,7,2026-09-20T12:00:00
2026-06-08,-24,-24,-4,-4,FY2026,2026,Q2,2,2026,2026-06,202606,June,6,2026-06-14,2026-06-08,24,24,Monday,1,2026-09-20T12:00:00
2026-06-09,-23,-23,-4,-4,FY2026,2026,Q2,2,2026,2026-06,202606,June,6,2026-06-14,2026-06-08,24,24,Tuesday,2,2026-09-20T12:00:00
2026-06-10,-22,-22,-4,-4,FY2026,2026,Q2,2,2026,2026-06,202606,June,6,2026-06-14,2026-06-08,24,24,Wednesday,3,2026-09-20T12:00:00
2026-06-11,-21,-21,-3,-3,FY2026,2026,Q2,2,2026,2026-06,202606,June,6,2026-06-14,2026-06-08,24,24,Thursday,4,2026-09-20T12:00:00
2026-06-12,-20,-20,-3,-3,FY2026,2026,Q2,2,2026,2026-06,202606,June,6,2026-06-14,2026-06-08,24,24,Friday,5,2026-09-20T12:00:00
2026-06-13,-19,-19,-3,-3,FY2026,2026,Q2,2,2026,2026-06,202606,June,6,2026-06-14,2026-06-08,24,24,Saturday,6,2026-09-20T12:00:00
2026-06-14,-18,-18,-3,-3,FY2026,2026,Q2,2,2026,2026-06,202606,June,6,2026-06-14,2026-06-08,24,24,Sunday,7,2026-09-20T12:00:00
2026-06-15,-17,-17,-3,-3,FY2026,2026,Q2,2,2026,2026-06,202606,June,6,2026-06-21,2026-06-15,25,25,Monday,1,2026-09-20T12:00:00
2026-06-16,-16,-16,-3,-3,FY2026,2026,Q2,2,2026,2026-06,202606,June,6,2026-06-21,2026-06-15,25,25,Tuesday,2,2026-09-20T12:00:00
2026-06-17,-15,-15,-3,-3,FY2026,2026,Q2,2,2026,2026-06,202606,June,6,2026-06-21,2026-06-15,25,25,Wednesday,3,2026-09-20T12:00:00
2026-06-18,-14,-14,-2,-2,FY2026,2026,Q2,2,2026,2026-06,202606,June,6,2026-06-21,2026-06-15,25,25,Thursday,4,2026-09-20T12:00:00
2026-06-19,-13,-13,-2,-2,FY2026,2026,Q2,2,2026,2026-06,202606,June,6,2026-06-21,2026-06-15,25,25,Friday,5,2026-09-20T12:00:00
2026-06-20,-12,-12,-2,-2,FY2026,2026,Q2,2,2026,2026-06,202606,June,6,2026-06-21,2026-06-15,25,25,Saturday,6,2026-09-20T12:00:00
2026-06-21,-11,-11,-2,-2,FY2026,2026,Q2,2,2026,2026-06,202606,June,6,2026-06-21,2026-06-15,25,25,Sunday,7,2026-09-20T12:00:00
2026-06-22,-10,-10,-2,-2,FY2026,2026,Q2,2,2026,2026-06,202606,June,6,2026-06-28,2026-06-22,26,26,Monday,1,2026-09-20T12:00:00
2026-06-23,-9,-9,-2,-2,FY2026,2026,Q2,2,2026,2026-06,202606,June,6,2026-06-28,2026-06-22,26,26,Tuesday,2,2026-09-20T12:00:00
2026-06-24,-8,-8,-2,-2,FY2026,2026,Q2,2,2026,2026-06,202606,June,6,2026-06-28,2026-06-22,26,26,Wednesday,3,2026-09-20T12:00:00
2026-06-25,-7,-7,-1,-1,FY2026,2026,Q2,2,2026,2026-06,202606,June,6,2026-06-28,2026-06-22,26,26,Thursday,4,2026-09-20T12:00:00
2026-06-26,-6,-6,-1,-1,FY2026,2026,Q2,2,2026,2026-06,202606,June,6,2026-06-28,2026-06-22,26,26,Friday,5,2026-09-20T12:00:00
2026-06-27,-5,-5,-1,-1,FY2026,2026,Q2,2,2026,2026-06,202606,June,6,2026-06-28,2026-06-22,26,26,Saturday,6,2026-09-20T12:00:00
2026-06-28,-4,-4,-1,-1,FY2026,2026,Q2,2,2026,2026-06,202606,June,6,2026-06-28,2026-06-22,26,26,Sunday,7,2026-09-20T12:00:00
2026-06-29,-3,-3,-1,-1,FY2026,2026,Q2,2,2026,2026-06,202606,June,6,2026-07-05,2026-06-29,27,27,Monday,1,2026-09-20T12:00:00
2026-06-30,-2,-2,-1,-1,FY2026,2026,Q2,2,2026,2026-06,202606,June,6,2026-07-05,2026-06-29,27,27,Tuesday,2,2026-09-20T12:00:00
2026-07-01,-1,-1,-1,-1,FY2026,2026,Q3,3,2026,2026-07,202607,July,7,2026-07-05,2026-06-29,27,27,Wednesday,3,2026-09-20T12:00:00
2026-07-02,0,0,0,0,FY2026,2026,Q3,3,2026,2026-07,202607,July,7,2026-07-05,2026-06-29,27,27,Thursday,4,2026-09-20T12:00:00
2026-07-03,1,1,0,0,FY2026,2026,Q3,3,2026,2026-07,202607,July,7,2026-07-05,2026-06-29,27,27,Friday,5,2026-09-20T12:00:00
2026-07-04,2,2,0,0,FY2026,2026,Q3,3,2026,2026-07,202607,July,7,2026-07-05,2026-06-29,27,27,Saturday,6,2026-09-20T12:00:00
2026-07-05,3,3,0,0,FY2026,2026,Q3,3,2026,2026-07,202607,July,7,2026-07-05,2026-06-29,27,27,Sunday,7,2026-09-20T12:00:00
2026-07-06,4,4,0,0,FY2026,2026,Q3,3,2026,2026-07,202607,July,7,2026-07-12,2026-07-06,28,28,Monday,1,2026-09-20T12:00:00
2026-07-07,5,5,0,0,FY2026,2026,Q3,3,2026,2026-07,202607,July,7,2026-07-12,2026-07-06,28,28,Tuesday,2,2026-09-20T12:00:00
2026-07-08,6,6,0,0,FY2026,2026,Q3,3,2026,2026-07,202607,July,7,2026-07-12,2026-07-06,28,28,Wednesday,3,2026-09-20T12:00:00
2026-07-09,7,7,1,1,FY2026,2026,Q3,3,2026,2026-07,202607,July,7,2026-07-12,2026-07-06,28,28,Thursday,4,2026-09-20T12:00:00
2026-07-10,8,8,1,1,FY2026,2026,Q3,3,2026,2026-07,202607,July,7,2026-07-12,2026-07-06,28,28,Friday,5,2026-09-20T12:00:00
2026-07-11,9,9,1,1,FY2026,2026,Q3,3,2026,2026-07,202607,July,7,2026-07-12,2026-07-06,28,28,Saturday,6,2026-09-20T12:00:00
2026-07-12,10,10,1,1,FY2026,2026,Q3,3,2026,2026-07,202607,July,7,2026-07-12,2026-07-06,28,28,Sunday,7,2026-09-20T12:00:00
2026-07-13,11,11,1,1,FY2026,2026,Q3,3,2026,2026-07,202607,July,7,2026-07-19,2026-07-13,29,29,Monday,1,2026-09-20T12:00:00
2026-07-14,12,12,1,1,FY2026,2026,Q3,3,2026,2026-07,202607,July,7,2026-07-19,2026-07-13,29,29,Tuesday,2,2026-09-20T12:00:00
2026-07-15,13,13,1,1,FY2026,2026,Q3,3,2026,2026-07,202607,July,7,2026-07-19,2026-07-13,29,29,Wednesday,3,2026-09-20T12:00:00
2026-07-16,14,14,2,2,FY2026,2026,Q3,3,2026,2026-07,202607,July,7,2026-07-19,2026-07-13,29,29,Thursday,4,2026-09-20T12:00:00
2026-07-17,15,15,2,2,FY2026,2026,Q3,3,2026,2026-07,202607,July,7,2026-07-19,2026-07-13,29,29,Friday,5,2026-09-20T12:00:00
2026-07-18,16,16,2,2,FY2026,2026,Q3,3,2026,2026-07,202607,July,7,2026-07-19,2026-07-13,29,29,Saturday,6,2026-09-20T12:00:00
2026-07-19,17,17,2,2,FY2026,2026,Q3,3,2026,2026-07,202607,July,7,2026-07-19,2026-07-13,29,29,Sunday,7,2026-09-20T12:00:00
2026-07-20,18,18,2,2,FY2026,2026,Q3,3,2026,2026-07,202607,July,7,2026-07-26,2026-07-20,30,30,Monday,1,2026-09-20T12:00:00
2026-07-21,19,19,2,2,FY2026,2026,Q3,3,2026,2026-07,202607,July,7,2026-07-26,2026-07-20,30,30,Tuesday,2,2026-09-20T12:00:00
2026-07-22,20,20,2,2,FY2026,2026,Q3,3,2026,2026-07,202607,July,7,2026-07-26,2026-07-20,30,30,Wednesday,3,2026-09-20T12:00:00
2026-07-23,21,21,3,3,FY2026,2026,Q3,3,2026,2026-07,202607,July,7,2026-07-26,2026-07-20,30,30,Thursday,4,2026-09-20T12:00:00
2026-07-24,22,22,3,3,FY2026,2026,Q3,3,2026,2026-07,202607,July,7,2026-07-26,2026-07-20,30,30,Friday,5,2026-09-20T12:00:00
2026-07-25,23,23,3,3,FY2026,2026,Q3,3,2026,2026-07,202607,July,7,2026-07-26,2026-07-20,30,30,Saturday,6,2026-09-20T12:00:00
2026-07-26,24,24,3,3,FY2026,2026,Q3,3,2026,2026-07,202607,July,7,2026-07-26,2026-07-20,30,30,Sunday,7,2026-09-20T12:00:00
2026-07-27,25,25,3,3,FY2026,2026,Q3,3,2026,2026-07,202607,July,7,2026-08-02,2026-07-27,31,31,Monday,1,2026-09-20T12:00:00
2026-07-28,26,26,3,3,FY2026,2026,Q3,3,2026,2026-07,202607,July,7,2026-08-02,2026-07-27,31,31,Tuesday,2,2026-09-20T12:00:00
2026-07-29,27,27,3,3,FY2026,2026,Q3,3,2026,2026-07,202607,July,7,2026-08-02,2026-07-27,31,31,Wednesday,3,2026-09-20T12:00:00
2026-07-30,28,28,4,4,FY2026,2026,Q3,3,2026,2026-07,202607,July,7,2026-08-02,2026-07-27,31,31,Thursday,4,2026-09-20T12:00:00
2026-07-31,29,29,4,4,FY2026,2026,Q3,3,2026,2026-07,202607,July,7,2026-08-02,2026-07-27,31,31,Friday,5,2026-09-20T12:00:00
2026-08-01,30,30,4,4,FY2026,2026,Q3,3,2026,2026-08,202608,August,8,2026-08-02,2026-07-27,31,31,Saturday,6,2026-09-20T12:00:00
2026-08-02,31,31,4,4,FY2026,2026,Q3,3,2026,2026-08,202608,August,8,2026-08-02,2026-07-27,31,31,Sunday,7,2026-09-20T12:00:00
2026-08-03,32,32,4,4,FY2026,2026,Q3,3,2026,2026-08,202608,August,8,2026-08-09,2026-08-03,32,32,Monday,1,2026-09-20T12:00:00
2026-08-04,33,33,4,4,FY2026,2026,Q3,3,2026,2026-08,202608,August,8,2026-08-09,2026-08-03,32,32,Tuesday,2,2026-09-20T12:00:00
2026-08-05,34,34,4,4,FY2026,2026,Q3,3,2026,2026-08,202608,August,8,2026-08-09,2026-08-03,32,32,Wednesday,3,2026-09-20T12:00:00
2026-08-06,35,35,5,5,FY2026,2026,Q3,3,2026,2026-08,202608,August,8,2026-08-09,2026-08-03,32,32,Thursday,4,2026-09-20T12:00:00
2026-08-07,36,36,5,5,FY2026,2026,Q3,3,2026,2026-08,202608,August,8,2026-08-09,2026-08-03,32,32,Friday,5,2026-09-20T12:00:00
2026-08-08,37,37,5,5,FY2026,2026,Q3,3,2026,2026-08,202608,August,8,2026-08-09,2026-08-03,32,32,Saturday,6,2026-09-20T12:00:00
2026-08-09,38,38,5,5,FY2026,2026,Q3,3,2026,2026-08,202608,August,8,2026-08-09,2026-08-03,32,32,Sunday,7,2026-09-20T12:00:00
2026-08-10,39,39,5,5,FY2026,2026,Q3,3,2026,2026-08,202608,August,8,2026-08-16,2026-08-10,33,33,Monday,1,2026-09-20T12:00:00
2026-08-11,40,40,5,5,FY2026,2026,Q3,3,2026,2026-08,202608,August,8,2026-08-16,2026-08-10,33,33,Tuesday,2,2026-09-20T12:00:00
2026-08-12,41,41,5,5,FY2026,2026,Q3,3,2026,2026-08,202608,August,8,2026-08-16,2026-08-10,33,33,Wednesday,3,2026-09-20T12:00:00
2026-08-13,42,42,6,6,FY2026,2026,Q3,3,2026,2026-08,202608,August,8,2026-08-16,2026-08-10,33,33,Thursday,4,2026-09-20T12:00:00
2026-08-14,43,43,6,6,FY2026,2026,Q3,3,2026,2026-08,202608,August,8,2026-08-16,2026-08-10,33,33,Friday,5,2026-09-20T12:00:00
2026-08-15,44,44,6,6,FY2026,2026,Q3,3,2026,2026-08,202608,August,8,2026-08-16,2026-08-10,33,33,Saturday,6,2026-09-20T12:00:00
2026-08-16,45,45,6,6,FY2026,2026,Q3,3,2026,2026-08,202608,August,8,2026-08-16,2026-08-10,33,33,Sunday,7,2026-09-20T12:00:00
2026-08-17,46,46,6,6,FY2026,2026,Q3,3,2026,2026-08,202608,August,8,2026-08-23,2026-08-17,34,34,Monday,1,2026-09-20T12:00:00
2026-08-18,47,47,6,6,FY2026,2026,Q3,3,2026,2026-08,202608,August,8,2026-08-23,2026-08-17,34,34,Tuesday,2,2026-09-20T12:00:00
2026-08-19,48,48,6,6,FY2026,2026,Q3,3,2026,2026-08,202608,August,8,2026-08-23,2026-08-17,34,34,Wednesday,3,2026-09-20T12:00:00
2026-08-20,49,49,7,7,FY2026,2026,Q3,3,2026,2026-08,202608,August,8,2026-08-23,2026-08-17,34,34,Thursday,4,2026-09-20T12:00:00
2026-08-21,50,50,7,7,FY2026,2026,Q3,3,2026,2026-08,202608,August,8,2026-08-23,2026-08-17,34,34,Friday,5,2026-09-20T12:00:00
2026-08-22,51,51,7,7,FY2026,2026,Q3,3,2026,2026-08,202608,August,8,2026-08-23,2026-08-17,34,34,Saturday,6,2026-09-20T12:00:00
2026-08-23,52,52,7,7,FY2026,2026,Q3,3,2026,2026-08,202608,August,8,2026-08-23,2026-08-17,34,34,Sunday,7,2026-09-20T12:00:00
2026-08-24,53,53,7,7,FY2026,2026,Q3,3,2026,2026-08,202608,August,8,2026-08-30,2026-08-24,35,35,Monday,1,2026-09-20T12:00:00
2026-08-25,54,54,7,7,FY2026,2026,Q3,3,2026,2026-08,202608,August,8,2026-08-30,2026-08-24,35,35,Tuesday,2,2026-09-20T12:00:00
2026-08-26,55,55,7,7,FY2026,2026,Q3,3,2026,2026-08,202608,August,8,2026-08-30,2026-08-24,35,35,Wednesday,3,2026-09-20T12:00:00
2026-08-27,56,56,8,8,FY2026,2026,Q3,3,2026,2026-08,202608,August,8,2026-08-30,2026-08-24,35,35,Thursday,4,2026-09-20T12:00:00
2026-08-28,57,57,8,8,FY2026,2026,Q3,3,2026,2026-08,202608,August,8,2026-08-30,2026-08-24,35,35,Friday,5,2026-09-20T12:00:00
2026-08-29,58,58,8,8,FY2026,2026,Q3,3,2026,2026-08,202608,August,8,2026-08-30,2026-08-24,35,35,Saturday,6,2026-09-20T12:00:00
2026-08-30,59,59,8,8,FY2026,2026,Q3,3,2026,2026-08,202608,August,8,2026-08-30,2026-08-24,35,35,Sunday,7,2026-09-20T12:00:00
2026-08-31,60,60,8,8,FY2026,2026,Q3,3,2026,2026-08,202608,August,8,2026-09-06,2026-08-31,36,36,Monday,1,2026-09-20T12:00:00
2026-09-01,61,61,8,8,FY2026,2026,Q3,3,2026,2026-09,202609,September,9,2026-09-06,2026-08-31,36,36,Tuesday,2,2026-09-20T12:00:00
2026-09-02,62,62,8,8,FY2026,2026,Q3,3,2026,2026-09,202609,September,9,2026-09-06,2026-08-31,36,36,Wednesday,3,2026-09-20T12:00:00
2026-09-03,63,63,9,9,FY2026,2026,Q3,3,2026,2026-09,202609,September,9,2026-09-06,2026-08-31,36,36,Thursday,4,2026-09-20T12:00:00
2026-09-04,64,64,9,9,FY2026,2026,Q3,3,2026,2026-09,202609,September,9,2026-09-06,2026-08-31,36,36,Friday,5,2026-09-20T12:00:00
2026-09-05,65,65,9,9,FY2026,2026,Q3,3,2026,2026-09,202609,September,9,2026-09-06,2026-08-31,36,36,Saturday,6,2026-09-20T12:00:00
2026-09-06,66,66,9,9,FY2026,2026,Q3,3,2026,2026-09,202609,September,9,2026-09-06,2026-08-31,36,36,Sunday,7,2026-09-20T12:00:00
2026-09-07,67,67,9,9,FY2026,2026,Q3,3,2026,2026-09,202609,September,9,2026-09-13,2026-09-07,37,37,Monday,1,2026-09-20T12:00:00
2026-09-08,68,68,9,9,FY2026,2026,Q3,3,2026,2026-09,202609,September,9,2026-09-13,2026-09-07,37,37,Tuesday,2,2026-09-20T12:00:00
2026-09-09,69,69,9,9,FY2026,2026,Q3,3,2026,2026-09,202609,September,9,2026-09-13,2026-09-07,37,37,Wednesday,3,2026-09-20T12:00:00
2026-09-10,70,70,10,10,FY2026,2026,Q3,3,2026,2026-09,202609,September,9,2026-09-13,2026-09-07,37,37,Thursday,4,2026-09-20T12:00:00
2026-09-11,71,71,10,10,FY2026,2026,Q3,3,2026,2026-09,202609,September,9,2026-09-13,2026-09-07,37,37,Friday,5,2026-09-20T12:00:00
2026-09-12,72,72,10,10,FY2026,2026,Q3,3,2026,2026-09,202609,September,9,2026-09-13,2026-09-07,37,37,Saturday,6,2026-09-20T12:00:00
2026-09-13,73,73,10,10,FY2026,2026,Q3,3,2026,2026-09,202609,September,9,2026-09-13,2026-09-07,37,37,Sunday,7,2026-09-20T12:00:00
2026-09-14,74,74,10,10,FY2026,2026,Q3,3,2026,2026-09,202609,September,9,2026-09-20,2026-09-14,38,38,Monday,1,2026-09-20T12:00:00
2026-09-15,75,75,10,10,FY2026,2026,Q3,3,2026,2026-09,202609,September,9,2026-09-20,2026-09-14,38,38,Tuesday,2,2026-09-20T12:00:00
2026-09-16,76,76,10,10,FY2026,2026,Q3,3,2026,2026-09,202609,September,9,2026-09-20,2026-09-14,38,38,Wednesday,3,2026-09-20T12:00:00
2026-09-17,77,77,11,11,FY2026,2026,Q3,3,2026,2026-09,202609,September,9,2026-09-20,2026-09-14,38,38,Thursday,4,2026-09-20T12:00:00
2026-09-18,78,78,11,11,FY2026,2026,Q3,3,2026,2026-09,202609,September,9,2026-09-20,2026-09-14,38,38,Friday,5,2026-09-20T12:00:00
2026-09-19,79,79,11,11,FY2026,2026,Q3,3,2026,2026-09,202609,September,9,2026-09-20,2026-09-14,38,38,Saturday,6,2026-09-20T12:00:00
2026-09-20,80,80,11,11,FY2026,2026,Q3,3,2026,2026-09,202609,September,9,2026-09-20,2026-09-14,38,38,Sunday,7,2026-09-20T12:00:00
2026-09-21,81,81,11,11,FY2026,2026,Q3,3,2026,2026-09,202609,September,9,2026-09-27,2026-09-21,39,39,Monday,1,2026-09-20T12:00:00
2026-09-22,82,82,11,11,FY2026,2026,Q3,3,2026,2026-09,202609,September,9,2026-09-27,2026-09-21,39,39,Tuesday,2,2026-09-20T12:00:00
2026-09-23,83,83,11,11,FY2026,2026,Q3,3,2026,2026-09,202609,September,9,2026-09-27,2026-09-21,39,39,Wednesday,3,2026-09-20T12:00:00
2026-09-24,84,84,12,12,FY2026,2026,Q3,3,2026,2026-09,202609,September,9,2026-09-27,2026-09-21,39,39,Thursday,4,2026-09-20T12:00:00
2026-09-25,85,85,12,12,FY2026,2026,Q3,3,2026,2026-09,202609,September,9,2026-09-27,2026-09-21,39,39,Friday,5,2026-09-20T12:00:00
2026-09-26,86,86,12,12,FY2026,2026,Q3,3,2026,2026-09,202609,September,9,2026-09-27,2026-09-21,39,39,Saturday,6,2026-09-20T12:00:00
2026-09-27,87,87,12,12,FY2026,2026,Q3,3,2026,2026-09,202609,September,9,2026-09-27,2026-09-21,39,39,Sunday,7,2026-09-20T12:00:00
2026-09-28,88,88,12,12,FY2026,2026,Q3,3,2026,2026-09,202609,September,9,2026-10-04,2026-09-28,40,40,Monday,1,2026-09-20T12:00:00
2026-09-29,89,89,12,12,FY2026,2026,Q3,3,2026,2026-09,202609,September,9,2026-10-04,2026-09-28,40,40,Tuesday,2,2026-09-20T12:00:00
2026-09-30,90,90,12,12,FY2026,2026,Q3,3,2026,2026-09,202609,September,9,2026-10-04,2026-09-28,40,40,Wednesday,3,2026-09-20T12:00:00
2026-10-01,91,91,13,13,FY2026,2026,Q4,4,2026,2026-10,202610,October,10,2026-10-04,2026-09-28,40,40,Thursday,4,2026-09-20T12:00:00
2026-10-02,92,92,13,13,FY2026,2026,Q4,4,2026,2026-10,202610,October,10,2026-10-04,2026-09-28,40,40,Friday,5,2026-09-20T12:00:00
2026-10-03,93,93,13,13,FY2026,2026,Q4,4,2026,2026-10,202610,October,10,2026-10-04,2026-09-28,40,40,Saturday,6,2026-09-20T12:00:00
2026-10-04,94,94,13,13,FY2026,2026,Q4,4,2026,2026-10,202610,October,10,2026-10-04,2026-09-28,40,40,Sunday,7,2026-09-20T12:00:00
2026-10-05,95,95,13,13,FY2026,2026,Q4,4,2026,2026-10,202610,October,10,2026-10-11,2026-10-05,41,41,Monday,1,2026-09-20T12:00:00
2026-10-06,96,96,13,13,FY2026,2026,Q4,4,2026,2026-10,202610,October,10,2026-10-11,2026-10-05,41,41,Tuesday,2,2026-09-20T12:00:00
2026-10-07,97,97,13,13,FY2026,2026,Q4,4,2026,2026-10,202610,October,10,2026-10-11,2026-10-05,41,41,Wednesday,3,2026-09-20T12:00:00
2026-10-08,98,98,14,14,FY2026,2026,Q4,4,2026,2026-10,202610,October,10,2026-10-11,2026-10-05,41,41,Thursday,4,2026-09-20T12:00:00
2026-10-09,99,99,14,14,FY2026,2026,Q4,4,2026,2026-10,202610,October,10,2026-10-11,2026-10-05,41,41,Friday,5,2026-09-20T12:00:00
2026-10-10,100,100,14,14,FY2026,2026,Q4,4,2026,2026-10,202610,October,10,2026-10-11,2026-10-05,41,41,Saturday,6,2026-09-20T12:00:00
2026-10-11,101,101,14,14,FY2026,2026,Q4,4,2026,2026-10,202610,October,10,2026-10-11,2026-10-05,41,41,Sunday,7,2026-09-20T12:00:00
2026-10-12,102,102,14,14,FY2026,2026,Q4,4,2026,2026-10,202610,October,10,2026-10-18,2026-10-12,42,42,Monday,1,2026-09-20T12:00:00
2026-10-13,103,103,14,14,FY2026,2026,Q4,4,2026,2026-10,202610,October,10,2026-10-18,2026-10-12,42,42,Tuesday,2,2026-09-20T12:00:00
2026-10-14,104,104,14,14,FY2026,2026,Q4,4,2026,2026-10,202610,October,10,2026-10-18,2026-10-12,42,42,Wednesday,3,2026-09-20T12:00:00
2026-10-15,105,105,15,15,FY2026,2026,Q4,4,2026,2026-10,202610,October,10,2026-10-18,2026-10-12,42,42,Thursday,4,2026-09-20T12:00:00
2026-10-16,106,106,15,15,FY2026,2026,Q4,4,2026,2026-10,202610,October,10,2026-10-18,2026-10-12,42,42,Friday,5,2026-09-20T12:00:00
2026-10-17,107,107,15,15,FY2026,2026,Q4,4,2026,2026-10,202610,October,10,2026-10-18,2026-10-12,42,42,Saturday,6,2026-09-20T12:00:00
2026-10-18,108,108,15,15,FY2026,2026,Q4,4,2026,2026-10,202610,October,10,2026-10-18,2026-10-12,42,42,Sunday,7,2026-09-20T12:00:00
2026-10-19,109,109,15,15,FY2026,2026,Q4,4,2026,2026-10,202610,October,10,2026-10-25,2026-10-19,43,43,Monday,1,2026-09-20T12:00:00
2026-10-20,110,110,15,15,FY2026,2026,Q4,4,2026,2026-10,202610,October,10,2026-10-25,2026-10-19,43,43,Tuesday,2,2026-09-20T12:00:00
2026-10-21,111,111,15,15,FY2026,2026,Q4,4,2026,2026-10,202610,October,10,2026-10-25,2026-10-19,43,43,Wednesday,3,2026-09-20T12:00:00
2026-10-22,112,112,16,16,FY2026,2026,Q4,4,2026,2026-10,202610,October,10,2026-10-25,2026-10-19,43,43,Thursday,4,2026-09-20T12:00:00
2026-10-23,113,113,16,16,FY2026,2026,Q4,4,2026,2026-10,202610,October,10,2026-10-25,2026-10-19,43,43,Friday,5,2026-09-20T12:00:00
2026-10-24,114,114,16,16,FY2026,2026,Q4,4,2026,2026-10,202610,October,10,2026-10-25,2026-10-19,43,43,Saturday,6,2026-09-20T12:00:00
2026-10-25,115,115,16,16,FY2026,2026,Q4,4,2026,2026-10,202610,October,10,2026-10-25,2026-10-19,43,43,Sunday,7,2026-09-20T12:00:00
2026-10-26,116,116,16,16,FY2026,2026,Q4,4,2026,2026-10,202610,October,10,2026-11-01,2026-10-26,44,44,Monday,1,2026-09-20T12:00:00
2026-10-27,117,117,16,16,FY2026,2026,Q4,4,2026,2026-10,202610,October,10,2026-11-01,2026-10-26,44,44,Tuesday,2,2026-09-20T12:00:00
2026-10-28,118,118,16,16,FY2026,2026,Q4,4,2026,2026-10,202610,October,10,2026-11-01,2026-10-26,44,44,Wednesday,3,2026-09-20T12:00:00
2026-10-29,119,119,17,17,FY2026,2026,Q4,4,2026,2026-10,202610,October,10,2026-11-01,2026-10-26,44,44,Thursday,4,2026-09-20T12:00:00
2026-10-30,120,120,17,17,FY2026,2026,Q4,4,2026,2026-10,202610,October,10,2026-11-01,2026-10-26,44,44,Friday,5,2026-09-20T12:00:00
2026-10-31,121,121,17,17,FY2026,2026,Q4,4,2026,2026-10,202610,October,10,2026-11-01,2026-10-26,44,44,Saturday,6,2026-09-20T12:00:00
2026-11-01,122,122,17,17,FY2026,2026,Q4,4,2026,2026-11,202611,November,11,2026-11-01,2026-10-26,44,44,Sunday,7,2026-09-20T12:00:00
2026-11-02,123,123,17,17,FY2026,2026,Q4,4,2026,2026-11,202611,November,11,2026-11-08,2026-11-02,45,45,Monday,1,2026-09-20T12:00:00
2026-11-03,124,124,17,17,FY2026,2026,Q4,4,2026,2026-11,202611,November,11,2026-11-08,2026-11-02,45,45,Tuesday,2,2026-09-20T12:00:00
2026-11-04,125,125,17,17,FY2026,2026,Q4,4,2026,2026-11,202611,November,11,2026-11-08,2026-11-02,45,45,Wednesday,3,2026-09-20T12:00:00
2026-11-05,126,126,18,18,FY2026,2026,Q4,4,2026,2026-11,202611,November,11,2026-11-08,2026-11-02,45,45,Thursday,4,2026-09-20T12:00:00
2026-11-06,127,127,18,18,FY2026,2026,Q4,4,2026,2026-11,202611,November,11,2026-11-08,2026-11-02,45,45,Friday,5,2026-09-20T12:00:00
2026-11-07,128,128,18,18,FY2026,2026,Q4,4,2026,2026-11,202611,November,11,2026-11-08,2026-11-02,45,45,Saturday,6,2026-09-20T12:00:00
2026-11-08,129,129,18,18,FY2026,2026,Q4,4,2026,2026-11,202611,November,11,2026-11-08,2026-11-02,45,45,Sunday,7,2026-09-20T12:00:00
2026-11-09,130,130,18,18,FY2026,2026,Q4,4,2026,2026-11,202611,November,11,2026-11-15,2026-11-09,46,46,Monday,1,2026-09-20T12:00:00
2026-11-10,131,131,18,18,FY2026,2026,Q4,4,2026,2026-11,202611,November,11,2026-11-15,2026-11-09,46,46,Tuesday,2,2026-09-20T12:00:00
2026-11-11,132,132,18,18,FY2026,2026,Q4,4,2026,2026-11,202611,November,11,2026-11-15,2026-11-09,46,46,Wednesday,3,2026-09-20T12:00:00
2026-11-12,133,133,19,19,FY2026,2026,Q4,4,2026,2026-11,202611,November,11,2026-11-15,2026-11-09,46,46,Thursday,4,2026-09-20T12:00:00
2026-11-13,134,134,19,19,FY2026,2026,Q4,4,2026,2026-11,202611,November,11,2026-11-15,2026-11-09,46,46,Friday,5,2026-09-20T12:00:00
2026-11-14,135,135,19,19,FY2026,2026,Q4,4,2026,2026-11,202611,November,11,2026-11-15,2026-11-09,46,46,Saturday,6,2026-09-20T12:00:00
2026-11-15,136,136,19,19,FY2026,2026,Q4,4,2026,2026-11,202611,November,11,2026-11-15,2026-11-09,46,46,Sunday,7,2026-09-20T12:00:00
2026-11-16,137,137,19,19,FY2026,2026,Q4,4,2026,2026-11,202611,November,11,2026-11-22,2026-11-16,47,47,Monday,1,2026-09-20T12:00:00
2026-11-17,138,138,19,19,FY2026,2026,Q4,4,2026,2026-11,202611,November,11,2026-11-22,2026-11-16,47,47,Tuesday,2,2026-09-20T12:00:00
2026-11-18,139,139,19,19,FY2026,2026,Q4,4,2026,2026-11,202611,November,11,2026-11-22,2026-11-16,47,47,Wednesday,3,2026-09-20T12:00:00
2026-11-19,140,140,20,20,FY2026,2026,Q4,4,2026,2026-11,202611,November,11,2026-11-22,2026-11-16,47,47,Thursday,4,2026-09-20T12:00:00
2026-11-20,141,141,20,20,FY2026,2026,Q4,4,2026,2026-11,202611,November,11,2026-11-22,2026-11-16,47,47,Friday,5,2026-09-20T12:00:00
2026-11-21,142,142,20,20,FY2026,2026,Q4,4,2026,2026-11,202611,November,11,2026-11-22,2026-11-16,47,47,Saturday,6,2026-09-20T12:00:00
2026-11-22,143,143,20,20,FY2026,2026,Q4,4,2026,2026-11,202611,November,11,2026-11-22,2026-11-16,47,47,Sunday,7,2026-09-20T12:00:00
2026-11-23,144,144,20,20,FY2026,2026,Q4,4,2026,2026-11,202611,November,11,2026-11-29,2026-11-23,48,48,Monday,1,2026-09-20T12:00:00
2026-11-24,145,145,20,20,FY2026,2026,Q4,4,2026,2026-11,202611,November,11,2026-11-29,2026-11-23,48,48,Tuesday,2,2026-09-20T12:00:00
2026-11-25,146,146,20,20,FY2026,2026,Q4,4,2026,2026-11,202611,November,11,2026-11-29,2026-11-23,48,48,Wednesday,3,2026-09-20T12:00:00
2026-11-26,147,147,21,21,FY2026,2026,Q4,4,2026,2026-11,202611,November,11,2026-11-29,2026-11-23,48,48,Thursday,4,2026-09-20T12:00:00
2026-11-27,148,148,21,21,FY2026,2026,Q4,4,2026,2026-11,202611,November,11,2026-11-29,2026-11-23,48,48,Friday,5,2026-09-20T12:00:00
2026-11-28,149,149,21,21,FY2026,2026,Q4,4,2026,2026-11,202611,November,11,2026-11-29,2026-11-23,48,48,Saturday,6,2026-09-20T12:00:00
2026-11-29,150,150,21,21,FY2026,2026,Q4,4,2026,2026-11,202611,November,11,2026-11-29,2026-11-23,48,48,Sunday,7,2026-09-20T12:00:00
2026-11-30,151,151,21,21,FY2026,2026,Q4,4,2026,2026-11,202611,November,11,2026-12-06,2026-11-30,49,49,Monday,1,2026-09-20T12:00:00
2026-12-01,152,152,21,21,FY2026,2026,Q4,4,2026,2026-12,202612,December,12,2026-12-06,2026-11-30,49,49,Tuesday,2,2026-09-20T12:00:00
2026-12-02,153,153,21,21,FY2026,2026,Q4,4,2026,2026-12,202612,December,12,2026-12-06,2026-11-30,49,49,Wednesday,3,2026-09-20T12:00:00
2026-12-03,154,154,22,22,FY2026,2026,Q4,4,2026,2026-12,202612,December,12,2026-12-06,2026-11-30,49,49,Thursday,4,2026-09-20T12:00:00
2026-12-04,155,155,22,22,FY2026,2026,Q4,4,2026,2026-12,202612,December,12,2026-12-06,2026-11-30,49,49,Friday,5,2026-09-20T12:00:00
2026-12-05,156,156,22,22,FY2026,2026,Q4,4,2026,2026-12,202612,December,12,2026-12-06,2026-11-30,49,49,Saturday,6,2026-09-20T12:00:00
2026-12-06,157,157,22,22,FY2026,2026,Q4,4,2026,2026-12,202612,December,12,2026-12-06,2026-11-30,49,49,Sunday,7,2026-09-20T12:00:00
2026-12-07,158,158,22,22,FY2026,2026,Q4,4,2026,2026-12,202612,December,12,2026-12-13,2026-12-07,50,50,Monday,1,2026-09-20T12:00:00
2026-12-08,159,159,22,22,FY2026,2026,Q4,4,2026,2026-12,202612,December,12,2026-12-13,2026-12-07,50,50,Tuesday,2,2026-09-20T12:00:00
2026-12-09,160,160,22,22,FY2026,2026,Q4,4,2026,2026-12,202612,December,12,2026-12-13,2026-12-07,50,50,Wednesday,3,2026-09-20T12:00:00
2026-12-10,161,161,23,23,FY2026,2026,Q4,4,2026,2026-12,202612,December,12,2026-12-13,2026-12-07,50,50,Thursday,4,2026-09-20T12:00:00
2026-12-11,162,162,23,23,FY2026,2026,Q4,4,2026,2026-12,202612,December,12,2026-12-13,2026-12-07,50,50,Friday,5,2026-09-20T12:00:00
2026-12-12,163,163,23,23,FY2026,2026,Q4,4,2026,2026-12,202612,December,12,2026-12-13,2026-12-07,50,50,Saturday,6,2026-09-20T12:00:00
2026-12-13,164,164,23,23,FY2026,2026,Q4,4,2026,2026-12,202612,December,12,2026-12-13,2026-12-07,50,50,Sunday,7,2026-09-20T12:00:00
2026-12-14,165,165,23,23,FY2026,2026,Q4,4,2026,2026-12,202612,December,12,2026-12-20,2026-12-14,51,51,Monday,1,2026-09-20T12:00:00
2026-12-15,166,166,23,23,FY2026,2026,Q4,4,2026,2026-12,202612,December,12,2026-12-20,2026-12-14,51,51,Tuesday,2,2026-09-20T12:00:00
2026-12-16,167,167,23,23,FY2026,2026,Q4,4,2026,2026-12,202612,December,12,2026-12-20,2026-12-14,51,51,Wednesday,3,2026-09-20T12:00:00
2026-12-17,168,168,24,24,FY2026,2026,Q4,4,2026,2026-12,202612,December,12,2026-12-20,2026-12-14,51,51,Thursday,4,2026-09-20T12:00:00
2026-12-18,169,169,24,24,FY2026,2026,Q4,4,2026,2026-12,202612,December,12,2026-12-20,2026-12-14,51,51,Friday,5,2026-09-20T12:00:00
2026-12-19,170,170,24,24,FY2026,2026,Q4,4,2026,2026-12,202612,December,12,2026-12-20,2026-12-14,51,51,Saturday,6,2026-09-20T12:00:00
2026-12-20,171,171,24,24,FY2026,2026,Q4,4,2026,2026-12,202612,December,12,2026-12-20,2026-12-14,51,51,Sunday,7,2026-09-20T12:00:00
2026-12-21,172,172,24,24,FY2026,2026,Q4,4,2026,2026-12,202612,December,12,2026-12-27,2026-12-21,52,52,Monday,1,2026-09-20T12:00:00
2026-12-22,173,173,24,24,FY2026,2026,Q4,4,2026,2026-12,202612,December,12,2026-12-27,2026-12-21,52,52,Tuesday,2,2026-09-20T12:00:00
2026-12-23,174,174,24,24,FY2026,2026,Q4,4,2026,2026-12,202612,December,12,2026-12-27,2026-12-21,52,52,Wednesday,3,2026-09-20T12:00:00
2026-12-24,175,175,25,25,FY2026,2026,Q4,4,2026,2026-12,202612,December,12,2026-12-27,2026-12-21,52,52,Thursday,4,2026-09-20T12:00:00
2026-12-25,176,176,25,25,FY2026,2026,Q4,4,2026,2026-12,202612,December,12,2026-12-27,2026-12-21,52,52,Friday,5,2026-09-20T12:00:00
2026-12-26,177,177,25,25,FY2026,2026,Q4,4,2026,2026-12,202612,December,12,2026-12-27,2026-12-21,52,52,Saturday,6,2026-09-20T12:00:00
2026-12-27,178,178,25,25,FY2026,2026,Q4,4,2026,2026-12,202612,December,12,2026-12-27,2026-12-21,52,52,Sunday,7,2026-09-20T12:00:00
2026-12-28,179,179,25,25,FY2026,2026,Q4,4,2026,2026-12,202612,December,12,2027-01-03,2026-12-28,53,53,Monday,1,2026-09-20T12:00:00
2026-12-29,180,180,25,25,FY2026,2026,Q4,4,2026,2026-12,202612,December,12,2027-01-03,2026-12-28,53,53,Tuesday,2,2026-09-20T12:00:00
2026-12-30,181,181,25,25,FY2026,2026,Q4,4,2026,2026-12,202612,December,12,2027-01-03,2026-12-28,53,53,Wednesday,3,2026-09-20T12:00:00
2026-12-31,182,182,26,26,FY2026,2026,Q4,4,2026,2026-12,202612,December,12,2027-01-03,2026-12-28,53,53,Thursday,4,2026-09-20T12:00:00
